campaign_name,person_id,name,email,institution,department,location,selected,review_status,last_contacted_at,opt_out,reason_for_contact,draft_subject,draft_body,source_evidence
Vienna biophysics soft matter,p_dc4fb3952406,Sebastian Fürthauer,sebastian.fuerthauer@tuwien.ac.at,TU Wien,Institute of Applied Physics / Biophysics Research Unit / Theory of Living Matter Group,"Getreidemarkt 9 / Lehargasse 6, 1060 Wien",true,needs_review,,false,active matter; theoretical biophysics; department: Institute of Applied Physics / Biophysics Research Unit / Theory of Living Matter Group,Invitation: small Vienna research meeting on biophysics soft matter,"Dear Sebastian,

I am preparing a small academic meeting in Vienna around biophysics soft matter. I found your profile relevant because of: active matter; theoretical biophysics; department: Institute of Applied Physics / Biophysics Research Unit / Theory of Living Matter Group.

This is only a draft invitation prepared for manual review. Please confirm the event details, legal basis, and opt-out wording before sending.

Best regards,
",https://www.tuwien.at/en/phy/iap/biophysics/team/sebastian-fuerthauer; https://www.tuwien.at/en/phy/iap/biophysics/theory-of-living-matter-group; https://www.tuwien.at/en/phy/iap/biophysics/how-to-find-us
Vienna biophysics soft matter,p_fd37508619d9,Sofia Kantorovich,sofia.kantorovich@univie.ac.at,University of Vienna,Faculty of Physics / Computational and Soft Matter Physics,"Kolingasse 14-16, 1090 Wien",true,needs_review,,false,magnetic soft matter; soft matter; department: Faculty of Physics / Computational and Soft Matter Physics,Invitation: small Vienna research meeting on biophysics soft matter,"Dear Sofia,

I am preparing a small academic meeting in Vienna around biophysics soft matter. I found your profile relevant because of: magnetic soft matter; soft matter; department: Faculty of Physics / Computational and Soft Matter Physics.

This is only a draft invitation prepared for manual review. Please confirm the event details, legal basis, and opt-out wording before sending.

Best regards,
",https://ufind.univie.ac.at/en/person.html?id=51568; https://ucrisportal.univie.ac.at/en/persons/sofia-kantorovich/; https://comp-phys.univie.ac.at/
Vienna biophysics soft matter,p_b8ec718bc717,Eva Sevcsik,eva.sevcsik@tuwien.ac.at,TU Wien,Institute of Applied Physics / Biophysics Research Unit / Micro- and Nanostructured Biointerfaces Group,"Getreidemarkt 9 / Lehargasse 6, 1060 Wien",true,needs_review,,false,department: Institute of Applied Physics / Biophysics Research Unit / Micro- and Nanostructured Biointerfaces Group,Invitation: small Vienna research meeting on biophysics soft matter,"Dear Eva,

I am preparing a small academic meeting in Vienna around biophysics soft matter. I found your profile relevant because of: department: Institute of Applied Physics / Biophysics Research Unit / Micro- and Nanostructured Biointerfaces Group.

This is only a draft invitation prepared for manual review. Please confirm the event details, legal basis, and opt-out wording before sending.

Best regards,
",https://www.tuwien.at/en/phy/iap/biophysics/team/eva-sevcsik; https://www.tuwien.at/en/phy/iap/biophysics/how-to-find-us
