person_id,name,email,institution,university,faculty,institute,unit,group,department,affiliation_status,location,role,profile_url,research_keywords,publication_keywords,source_urls,confidence_score,last_seen_at,notes
p_daa023c4cfe0,Jonas Ries,jonas.ries@maxperutzlabs.ac.at,Max Perutz Labs,University of Vienna,,Max Perutz Labs,Structural and Computational Biology,Super-resolution microscopy for structural cell biology,Advanced Microscopy and Cellular Dynamics / Super-resolution Microscopy for Structural Cell Biology,current,"Vienna BioCenter, Dr.-Bohr-Gasse 9, 1030 Wien",Full Professor; Group Leader,https://www.maxperutzlabs.ac.at/research/research-groups/ries,super-resolution microscopy; structural cell biology; advanced microscopy; cellular dynamics; MINFLUX; single-molecule localization; clathrin-mediated endocytosis,,https://www.maxperutzlabs.ac.at/research/research-groups/ries; https://rieslab.de/; https://www.maxperutzlabs.ac.at/research/research-groups,0.95,2026-07-09T11:33:38+00:00,Curated from official Max Perutz Labs pages on 2026-07-09.
p_e2160261479b,Jörg Menche,,Max Perutz Labs,,,Max Perutz Labs,Structural and Computational Biology,,Quantitative Modelling of Biological Networks,current,"Vienna BioCenter, Dr.-Bohr-Gasse 9, 1030 Vienna",Professor; Group leader,https://www.maxperutzlabs.ac.at/research/research-groups/menche,network theory; quantitative modelling; biological networks; systems biology; molecular networks; medicine,,https://www.maxperutzlabs.ac.at/research/research-groups/menche; https://www.maxperutzlabs.ac.at/research/research-groups,0.80,2026-07-09T11:33:38+00:00,Curated from official Max Perutz Labs pages on 2026-07-09. Email not stored because no plain address was found in retrieved official text.
p_3cbeb63407f3,Thomas Juffmann,thomas.juffmann@univie.ac.at,Max Perutz Labs,University of Vienna,Faculty of Physics,Max Perutz Labs,Structural and Computational Biology,Quantum Optics and Microscopy,Quantum Imaging and Biophysics Group,current,"Vienna BioCenter, Dr.-Bohr-Gasse 9, 1030 Wien",Group Leader,https://www.maxperutzlabs.ac.at/research/research-groups/juffmann,quantum imaging; biophysics; light microscopy; electron microscopy; adaptive optics; low-damage microscopy; quantum optics,,https://www.maxperutzlabs.ac.at/research/research-groups/juffmann; https://www.maxperutzlabs.ac.at/research/research-groups,0.80,2026-07-09T11:33:38+00:00,Curated from official Max Perutz Labs pages on 2026-07-09. Email not stored because no plain address was found in retrieved official text.
p_d6acc5297b85,Alexander Dobler,adobler@ac.tuwien.ac.at,TU Wien,TU Wien,Faculty of Informatics,Institute of Logic and Computation,,Algorithms and Complexity Group,Algorithms and Complexity Group,alumni,"Favoritenstraße 9–11, 1040 Wien",Former group member,https://www.ac.tuwien.ac.at/people/adobler/,,,https://www.ac.tuwien.ac.at/people/adobler/; https://www.ac.tuwien.ac.at/; https://www.ac.tuwien.ac.at/people/,0.60,2026-06-29T08:20:50+00:00,
p_7875be5ed0ba,Alexander Firbas,afirbas@ac.tuwien.ac.at,TU Wien,TU Wien,Faculty of Informatics,Institute of Logic and Computation,,Algorithms and Complexity Group,Algorithms and Complexity Group,current,"Favoritenstraße 9–11, 1040 Wien",Scientific Staff,https://www.ac.tuwien.ac.at/people/afirbas/,,,https://www.ac.tuwien.ac.at/people/afirbas/; https://www.ac.tuwien.ac.at/; https://www.ac.tuwien.ac.at/people/,0.60,2026-06-29T08:20:31+00:00,
p_b6f5c5402d18,Alexis de Colnet,decolnet@ac.tuwien.ac.at,TU Wien,TU Wien,Faculty of Informatics,Institute of Logic and Computation,,Algorithms and Complexity Group,Algorithms and Complexity Group,alumni,"Favoritenstraße 9–11, 1040 Wien",Former group member,https://www.ac.tuwien.ac.at/people/decolnet/,Knowledge Compilation Boolean Functions Analysis Proof Systems,,https://www.ac.tuwien.ac.at/people/decolnet/; https://www.ac.tuwien.ac.at/; https://www.ac.tuwien.ac.at/people/,0.95,2026-06-29T08:20:49+00:00,
p_2e603dc1c71c,Anaïs Villedieu,avilledieu@ac.tuwien.ac.at,TU Wien,TU Wien,Faculty of Informatics,Institute of Logic and Computation,,Algorithms and Complexity Group,Algorithms and Complexity Group,alumni,"Favoritenstraße 9–11, 1040 Wien",Former group member,https://www.ac.tuwien.ac.at/people/avilledieu/,,,https://www.ac.tuwien.ac.at/people/avilledieu/; https://www.ac.tuwien.ac.at/; https://www.ac.tuwien.ac.at/people/,0.60,2026-06-29T08:21:12+00:00,
p_faf72768d249,Andre Schidler,aschidler@ac.tuwien.ac.at,TU Wien,TU Wien,Faculty of Informatics,Institute of Logic and Computation,,Algorithms and Complexity Group,Algorithms and Complexity Group,alumni,"Favoritenstraße 9–11, 1040 Wien",Former group member,https://www.ac.tuwien.ac.at/people/aschidler/,,,https://www.ac.tuwien.ac.at/people/aschidler/; https://www.ac.tuwien.ac.at/; https://www.ac.tuwien.ac.at/people/,0.60,2026-06-29T08:21:05+00:00,
p_bc88d0286909,Antonio Mondejar,amondeja@ac.tuwien.ac.at,TU Wien,TU Wien,Faculty of Informatics,Institute of Logic and Computation,,Algorithms and Complexity Group,Algorithms and Complexity Group,current,"Favoritenstraße 9–11, 1040 Wien",Scientific Staff,https://www.ac.tuwien.ac.at/people/amondeja/,,,https://www.ac.tuwien.ac.at/people/amondeja/; https://www.ac.tuwien.ac.at/; https://www.ac.tuwien.ac.at/people/,0.60,2026-06-29T08:20:38+00:00,
p_0f1c5362be36,Arun Ravi,,TU Wien,TU Wien,Faculty of Physics,Institute of Applied Physics,Biophysics Research Unit,Theory of Living Matter Group,Institute of Applied Physics / Biophysics Research Unit / Theory of Living Matter Group,current,"Lehargasse 6, 1060 Wien",PhD Student,,synchronization; cilia; microswimmers,,https://www.tuwien.at/en/phy/iap/biophysics/theory-of-living-matter-group/team; https://www.tuwien.at/en/phy/iap/biophysics,0.80,2026-09-29T00:00:00+00:00,Curated from the official Theory of Living Matter team page.
p_474b99321c8e,Benedikt Klocker,klocker@ac.tuwien.ac.at,TU Wien,TU Wien,Faculty of Informatics,Institute of Logic and Computation,,Algorithms and Complexity Group,Algorithms and Complexity Group,alumni,"Favoritenstraße 9–11, 1040 Wien",PhD,https://www.ac.tuwien.ac.at/people/klocker/,,,https://www.ac.tuwien.ac.at/people/klocker/; https://www.ac.tuwien.ac.at/; https://www.ac.tuwien.ac.at/people/,0.60,2026-06-29T08:20:59+00:00,
p_b3a0f268994f,Christian Hatschka,chatschka@ac.tuwien.ac.at,TU Wien,TU Wien,Faculty of Informatics,Institute of Logic and Computation,,Algorithms and Complexity Group,Algorithms and Complexity Group,current,"Favoritenstraße 9–11, 1040 Wien",Scientific Staff,https://www.ac.tuwien.ac.at/people/chatschka/,,,https://www.ac.tuwien.ac.at/people/chatschka/; https://www.ac.tuwien.ac.at/; https://www.ac.tuwien.ac.at/people/,0.60,2026-06-29T08:20:32+00:00,
p_a94928a1c583,Christopher Bacher,,TU Wien,TU Wien,Faculty of Informatics,Institute of Logic and Computation,,Algorithms and Complexity Group,Algorithms and Complexity Group,alumni,"Favoritenstraße 9–11, 1040 Wien",Former group member,https://www.ac.tuwien.ac.at/,Uncategorized; My current CV .; My presentations and posters:,,https://www.ac.tuwien.ac.at/people/bacher/; https://www.ac.tuwien.ac.at/people/neha/; https://www.ac.tuwien.ac.at/; https://www.ac.tuwien.ac.at/people/,0.80,2026-06-29T08:21:01+00:00,
p_77cacdbdd3f6,Cornelius Brand,cbrand@ac.tuwien.ac.at,TU Wien,TU Wien,Faculty of Informatics,Institute of Logic and Computation,,Algorithms and Complexity Group,Algorithms and Complexity Group,alumni,"Favoritenstraße 9–11, 1040 Wien",Former group member,https://www.ac.tuwien.ac.at/people/cbrand/,,,https://www.ac.tuwien.ac.at/people/cbrand/; https://www.ac.tuwien.ac.at/; https://www.ac.tuwien.ac.at/people/,0.60,2026-06-29T08:20:47+00:00,
p_08428cfb4434,Cédrik Marius André Barutel,,TU Wien,TU Wien,Faculty of Physics,Institute of Applied Physics,Biophysics Research Unit,Theory of Living Matter Group,Institute of Applied Physics / Biophysics Research Unit / Theory of Living Matter Group,current,"Lehargasse 6, 1060 Wien",PhD Student,,active materials; biophysics; cytoskeleton,,https://www.tuwien.at/en/phy/iap/biophysics/theory-of-living-matter-group/team; https://www.tuwien.at/en/phy/iap/biophysics,0.80,2026-09-29T00:00:00+00:00,Curated from the official Theory of Living Matter team page.
p_6b040c1875f9,Daniel Obszelka,obszelkad14@ac.tuwien.ac.at,TU Wien,TU Wien,Faculty of Informatics,Institute of Logic and Computation,,Algorithms and Complexity Group,Algorithms and Complexity Group,alumni,"Favoritenstraße 9–11, 1040 Wien",Former group member,https://www.ac.tuwien.ac.at/people/obszelkad14/,,,https://www.ac.tuwien.ac.at/people/obszelkad14/; https://www.ac.tuwien.ac.at/; https://www.ac.tuwien.ac.at/people/,0.60,2026-06-29T08:21:03+00:00,
p_cc44e04be967,Doris Brazda,brazda@ac.tuwien.ac.at,TU Wien,TU Wien,Faculty of Informatics,Institute of Logic and Computation,,Algorithms and Complexity Group,Algorithms and Complexity Group,current,"Favoritenstraße 9–11, 1040 Wien",Office Administration,https://www.ac.tuwien.ac.at/people/brazda/,,,https://www.ac.tuwien.ac.at/people/brazda/; https://www.ac.tuwien.ac.at/; https://www.ac.tuwien.ac.at/people/,0.60,2026-06-29T08:20:25+00:00,
p_38c8b73d6a2b,Enrico Iurlano,eiurlano@ac.tuwien.ac.at,TU Wien,TU Wien,Faculty of Informatics,Institute of Logic and Computation,,Algorithms and Complexity Group,Algorithms and Complexity Group,current,"Favoritenstraße 9–11, 1040 Wien",Scientific Staff,https://www.ac.tuwien.ac.at/people/eiurlano/,,,https://www.ac.tuwien.ac.at/people/eiurlano/; https://www.ac.tuwien.ac.at/; https://www.ac.tuwien.ac.at/people/,0.60,2026-06-29T08:20:34+00:00,
p_b8ec718bc717,Eva Sevcsik,eva.sevcsik@tuwien.ac.at,TU Wien,TU Wien,Faculty of Physics,Institute of Applied Physics,Biophysics Research Unit,Micro- and Nanostructured Biointerfaces Group,Institute of Applied Physics / Biophysics Research Unit / Micro- and Nanostructured Biointerfaces Group,current,"Getreidemarkt 9 / Lehargasse 6, 1060 Wien",Associate Professor; Head of Micro- and Nanostructured Biointerfaces Group,https://www.tuwien.at/en/phy/iap/biophysics/team/eva-sevcsik,micro- and nanostructured biointerfaces; T-cell signaling; plasma membrane organization; DNA origami; super-resolution fluorescence microscopy; cell studies,,https://www.tuwien.at/en/phy/iap/biophysics/team/eva-sevcsik; https://www.tuwien.at/en/phy/iap/biophysics/how-to-find-us; https://www.tuwien.at/en/phy/iap/biophysics,0.95,2026-07-09T11:33:38+00:00,Curated from official TU Wien pages on 2026-07-09.
p_9bbf7296597f,Fionn Aidan Mc Inerney,fmcinern@ac.tuwien.ac.at,TU Wien,TU Wien,Faculty of Informatics,Institute of Logic and Computation,,Algorithms and Complexity Group,Algorithms and Complexity Group,alumni,"Favoritenstraße 9–11, 1040 Wien",Former group member,https://www.ac.tuwien.ac.at/people/fmcinern/,,,https://www.ac.tuwien.ac.at/people/fmcinern/; https://www.ac.tuwien.ac.at/; https://www.ac.tuwien.ac.at/people/,0.60,2026-06-29T08:21:02+00:00,
p_2509f720aa30,Florentina Voboril,fvoboril@ac.tuwien.ac.at,TU Wien,TU Wien,Faculty of Informatics,Institute of Logic and Computation,,Algorithms and Complexity Group,Algorithms and Complexity Group,current,"Favoritenstraße 9–11, 1040 Wien",Scientific Staff,https://www.ac.tuwien.ac.at/people/fvoboril/,,,https://www.ac.tuwien.ac.at/people/fvoboril/; https://www.ac.tuwien.ac.at/; https://www.ac.tuwien.ac.at/people/,0.60,2026-06-29T08:20:44+00:00,
p_9d16806563dc,Frank Sommer,fsommer@ac.tuwien.ac.at,TU Wien,TU Wien,Faculty of Informatics,Institute of Logic and Computation,,Algorithms and Complexity Group,Algorithms and Complexity Group,alumni,"Favoritenstraße 9–11, 1040 Wien",Postdoc,https://www.ac.tuwien.ac.at/people/fsommer/,,,https://www.ac.tuwien.ac.at/people/fsommer/; https://www.ac.tuwien.ac.at/; https://www.ac.tuwien.ac.at/people/,0.60,2026-06-29T08:21:09+00:00,
p_4fc01d6873af,Franz Xaver Reichl,freichl@ac.tuwien.ac.at,TU Wien,TU Wien,Faculty of Informatics,Institute of Logic and Computation,,Algorithms and Complexity Group,Algorithms and Complexity Group,alumni,"Favoritenstraße 9–11, 1040 Wien",Former group member,https://www.ac.tuwien.ac.at/people/freichl/,,,https://www.ac.tuwien.ac.at/people/freichl/; https://www.ac.tuwien.ac.at/; https://www.ac.tuwien.ac.at/people/,0.60,2026-06-29T08:21:04+00:00,
p_f0796af1f964,Friedrich Slivovsky,fslivovsky@ac.tuwien.ac.at,TU Wien,TU Wien,Faculty of Informatics,Institute of Logic and Computation,,Algorithms and Complexity Group,Algorithms and Complexity Group,alumni,"Favoritenstraße 9–11, 1040 Wien",PhD,https://www.ac.tuwien.ac.at/people/fslivovsky/,,,https://www.ac.tuwien.ac.at/people/fslivovsky/; https://www.ac.tuwien.ac.at/; https://www.ac.tuwien.ac.at/people/,0.60,2026-06-29T08:21:08+00:00,
p_a028904c9e1a,Gerhard Schütz,,TU Wien,TU Wien,Faculty of Physics,Institute of Applied Physics,Biophysics Research Unit,Single Molecule Microscopy Group,Institute of Applied Physics / Biophysics Research Unit / Single Molecule Microscopy Group,current,"Getreidemarkt 9 / Lehargasse 6, 1060 Wien",Full Professor; Head of Single Molecule Microscopy Group; Head of Biophysics Research Unit,https://www.tuwien.at/en/phy/iap/biophysics/single-molecule-microscopy-group,single molecule microscopy; membrane biophysics; super-resolution microscopy; FRET; atomic force microscopy; immunology; neuroscience,,https://www.tuwien.at/en/phy/iap/biophysics/single-molecule-microscopy-group; https://www.tuwien.at/en/phy/iap/biophysics; https://www.tuwien.at/en/phy/iap/biophysics/how-to-find-us,0.80,2026-07-09T11:33:38+00:00,Curated from official TU Wien pages on 2026-07-09. Email not stored because profile page did not expose a plain address in the retrieved text.
p_faf0432d7287,Guangping Li,guangping@ac.tuwien.ac.at,TU Wien,TU Wien,Faculty of Informatics,Institute of Logic and Computation,,Algorithms and Complexity Group,Algorithms and Complexity Group,alumni,"Favoritenstraße 9–11, 1040 Wien",Former group member,https://www.ac.tuwien.ac.at/people/guangping/,,,https://www.ac.tuwien.ac.at/people/guangping/; https://www.ac.tuwien.ac.at/; https://www.ac.tuwien.ac.at/people/,0.60,2026-06-29T08:21:00+00:00,
p_92f17fe87fab,Günther Raidl,raidl@ac.tuwien.ac.at,TU Wien,TU Wien,Faculty of Informatics,Institute of Logic and Computation,,Algorithms and Complexity Group,Algorithms and Complexity Group,alumni,"Favoritenstraße 9–11, 1040 Wien",PhD,https://www.ac.tuwien.ac.at/people/raidl/#contact,Solving algorithmic problems arising in various application domains; e.g. network design and other problems on graphs; transportation optimization; cutting and packing; computational biology; branch and bound; dynamic programming; constraint programming as well as heuristics and metaheuristics Machine learning; exact optimization techniques; and machine learning. Efficient algorithms and data structures in general.; Also see the group's research page .,,https://www.ac.tuwien.ac.at/people/raidl/; https://www.ac.tuwien.ac.at/; https://www.ac.tuwien.ac.at/people/,0.95,2026-06-29T08:20:24+00:00,
p_809af1dac0a0,Hai Xia,hxia@ac.tuwien.ac.at,TU Wien,TU Wien,Faculty of Informatics,Institute of Logic and Computation,,Algorithms and Complexity Group,Algorithms and Complexity Group,current,"Favoritenstraße 9–11, 1040 Wien",PhD,https://www.ac.tuwien.ac.at/people/hxia/,,,https://www.ac.tuwien.ac.at/people/hxia/; https://www.ac.tuwien.ac.at/; https://www.ac.tuwien.ac.at/people/,0.60,2026-06-29T08:20:45+00:00,
p_d59111e0cf6d,Herbert Fleischner,fleischner@ac.tuwien.ac.at,TU Wien,TU Wien,Faculty of Informatics,Institute of Logic and Computation,,Algorithms and Complexity Group,Algorithms and Complexity Group,alumni,"Favoritenstraße 9–11, 1040 Wien",Former group member,https://www.ac.tuwien.ac.at/people/fleischner/,,,https://www.ac.tuwien.ac.at/people/fleischner/; https://www.ac.tuwien.ac.at/; https://www.ac.tuwien.ac.at/people/,0.60,2026-06-29T08:20:53+00:00,
p_83b541e9bcf1,Jakob Roland Schindelwig,,TU Wien,TU Wien,Faculty of Physics,Institute of Applied Physics,Biophysics Research Unit,Theory of Living Matter Group,Institute of Applied Physics / Biophysics Research Unit / Theory of Living Matter Group,current,"Lehargasse 6, 1060 Wien",PhD Student,,highly crosslinked cytoskeletal networks; living smart materials,,https://www.tuwien.at/en/phy/iap/biophysics/theory-of-living-matter-group/team; https://www.tuwien.at/en/phy/iap/biophysics,0.80,2026-09-29T00:00:00+00:00,Curated from the official Theory of Living Matter team page.
p_98110fe30104,Jan Dreier,dreier@ac.tuwien.ac.at,TU Wien,TU Wien,Faculty of Informatics,Institute of Logic and Computation,,Algorithms and Complexity Group,Algorithms and Complexity Group,alumni,"Favoritenstraße 9–11, 1040 Wien",Postdoc,https://www.ac.tuwien.ac.at/people/dreier/,,,https://www.ac.tuwien.ac.at/people/dreier/; https://www.ac.tuwien.ac.at/; https://www.ac.tuwien.ac.at/people/,0.60,2026-06-29T08:20:29+00:00,
p_d96513056fad,Jiehua Chen,jiehua.chen@ac.tuwien.ac.at,TU Wien,TU Wien,Faculty of Informatics,Institute of Logic and Computation,,Algorithms and Complexity Group,Algorithms and Complexity Group,current,"Favoritenstraße 9–11, 1040 Wien",Professor,https://www.ac.tuwien.ac.at/people/jchen/#contact,(Parameterized) complexity of; and the design and analysis for; combinatorial problems arising in contexts such as,,https://www.ac.tuwien.ac.at/people/jchen/; https://www.ac.tuwien.ac.at/; https://www.ac.tuwien.ac.at/people/,0.95,2026-06-29T08:20:19+00:00,
p_4cab06668830,Johannes Strasser,strasser@ac.tuwien.ac.at,TU Wien,TU Wien,Faculty of Informatics,Institute of Logic and Computation,,Algorithms and Complexity Group,Algorithms and Complexity Group,current,"Favoritenstraße 9–11, 1040 Wien",System Administration,https://www.ac.tuwien.ac.at/people/strasser/,,,https://www.ac.tuwien.ac.at/people/strasser/; https://www.ac.tuwien.ac.at/; https://www.ac.tuwien.ac.at/people/,0.60,2026-06-29T08:20:26+00:00,
p_ad6993f05ccc,Johannes Varga,jvarga@ac.tuwien.ac.at,TU Wien,TU Wien,Faculty of Informatics,Institute of Logic and Computation,,Algorithms and Complexity Group,Algorithms and Complexity Group,current,"Favoritenstraße 9–11, 1040 Wien",Scientific Staff,https://www.ac.tuwien.ac.at/people/jvarga/,,,https://www.ac.tuwien.ac.at/people/jvarga/; https://www.ac.tuwien.ac.at/; https://www.ac.tuwien.ac.at/people/,0.60,2026-06-29T08:20:43+00:00,
p_c28424c7cff8,Jules Wulms,jwulms@ac.tuwien.ac.at,TU Wien,TU Wien,Faculty of Informatics,Institute of Logic and Computation,,Algorithms and Complexity Group,Algorithms and Complexity Group,alumni,"Favoritenstraße 9–11, 1040 Wien",PhD,https://www.ac.tuwien.ac.at/people/jwulms/,,,https://www.ac.tuwien.ac.at/people/jwulms/; https://www.ac.tuwien.ac.at/; https://www.ac.tuwien.ac.at/people/,0.60,2026-06-29T08:21:14+00:00,
p_ca1dc2eed7f6,Kirill Simonov,ksimonov@ac.tuwien.ac.at,TU Wien,TU Wien,Faculty of Informatics,Institute of Logic and Computation,,Algorithms and Complexity Group,Algorithms and Complexity Group,alumni,"Favoritenstraße 9–11, 1040 Wien",Former group member,https://www.ac.tuwien.ac.at/people/ksimonov/,,,https://www.ac.tuwien.ac.at/people/ksimonov/; https://www.ac.tuwien.ac.at/; https://www.ac.tuwien.ac.at/people/,0.60,2026-06-29T08:21:07+00:00,
p_d54412518e1d,Laurenz Tomandl,ltomandl@ac.tuwien.ac.at,TU Wien,TU Wien,Faculty of Informatics,Institute of Logic and Computation,,Algorithms and Complexity Group,Algorithms and Complexity Group,current,"Favoritenstraße 9–11, 1040 Wien",Scientific Staff,https://www.ac.tuwien.ac.at/people/ltomandl/,,,https://www.ac.tuwien.ac.at/people/ltomandl/; https://www.ac.tuwien.ac.at/; https://www.ac.tuwien.ac.at/people/,0.60,2026-06-29T08:20:42+00:00,
p_c8b99d53c18a,Leroy Chew,lchew@ac.tuwien.ac.at,TU Wien,TU Wien,Faculty of Informatics,Institute of Logic and Computation,,Algorithms and Complexity Group,Algorithms and Complexity Group,alumni,"Favoritenstraße 9–11, 1040 Wien",PhD,https://www.ac.tuwien.ac.at/people/lchew/,,,https://www.ac.tuwien.ac.at/people/lchew/; https://www.ac.tuwien.ac.at/; https://www.ac.tuwien.ac.at/people/,0.60,2026-06-29T08:20:48+00:00,
p_96c3dfdf7ef9,Liana Khazaliya,lkhazaliya@ac.tuwien.ac.at,TU Wien,TU Wien,Faculty of Informatics,Institute of Logic and Computation,,Algorithms and Complexity Group,Algorithms and Complexity Group,current,"Favoritenstraße 9–11, 1040 Wien",PhD,https://www.ac.tuwien.ac.at/people/lkhazaliya/,,,https://www.ac.tuwien.ac.at/people/lkhazaliya/; https://www.ac.tuwien.ac.at/; https://www.ac.tuwien.ac.at/people/,0.60,2026-06-29T08:20:35+00:00,
p_d48e4ef31772,Manuel Sorge,manuel.sorge@ac.tuwien.ac.at,TU Wien,TU Wien,Faculty of Informatics,Institute of Logic and Computation,,Algorithms and Complexity Group,Algorithms and Complexity Group,current,"Favoritenstraße 9–11, 1040 Wien",Scientific Staff,https://www.ac.tuwien.ac.at/people/manuel.sorge/,,,https://www.ac.tuwien.ac.at/people/manuel.sorge/; https://www.ac.tuwien.ac.at/; https://www.ac.tuwien.ac.at/people/,0.60,2026-06-29T08:20:41+00:00,
p_21213f62ac00,Marc Huber,mhuber@ac.tuwien.ac.at,TU Wien,TU Wien,Faculty of Informatics,Institute of Logic and Computation,,Algorithms and Complexity Group,Algorithms and Complexity Group,alumni,"Favoritenstraße 9–11, 1040 Wien",Former group member,https://www.ac.tuwien.ac.at/people/mhuber/,,,https://www.ac.tuwien.ac.at/people/mhuber/; https://www.ac.tuwien.ac.at/; https://www.ac.tuwien.ac.at/people/,0.60,2026-06-29T08:20:57+00:00,
p_f9a0dfb82f0c,Maria Bresich,mbresich@ac.tuwien.ac.at,TU Wien,TU Wien,Faculty of Informatics,Institute of Logic and Computation,,Algorithms and Complexity Group,Algorithms and Complexity Group,current,"Favoritenstraße 9–11, 1040 Wien",Scientific Staff,https://www.ac.tuwien.ac.at/people/mbresich/,,,https://www.ac.tuwien.ac.at/people/mbresich/; https://www.ac.tuwien.ac.at/; https://www.ac.tuwien.ac.at/people/,0.60,2026-06-29T08:20:27+00:00,
p_d3ba47c6902d,Mario Brameshuber,,TU Wien,TU Wien,Faculty of Physics,Institute of Applied Physics,Biophysics Research Unit,Single Molecule Microscopy Group,Institute of Applied Physics / Biophysics Research Unit / Single Molecule Microscopy Group,current,"Getreidemarkt 9 / Lehargasse 6, 1060 Wien",Senior Scientist,https://www.tuwien.at/en/phy/iap/biophysics/team/mario-brameshuber,single molecule fluorescence; T-cell signaling; molecular biophysics; biomembranes; live-cell plasma membrane; single dye tracing,,https://www.tuwien.at/en/phy/iap/biophysics/team/mario-brameshuber; https://www.tuwien.at/en/phy/iap/biophysics,0.80,2026-07-09T11:33:38+00:00,Curated from official TU Wien pages on 2026-07-09. Email not stored because profile page did not expose a plain address in the retrieved text.
p_fc085ff11435,Marko Djukanovic,djukanovic@ac.tuwien.ac.at,TU Wien,TU Wien,Faculty of Informatics,Institute of Logic and Computation,,Algorithms and Complexity Group,Algorithms and Complexity Group,alumni,"Favoritenstraße 9–11, 1040 Wien",PhD,https://www.ac.tuwien.ac.at/people/djukanovic/,,,https://www.ac.tuwien.ac.at/people/djukanovic/; https://www.ac.tuwien.ac.at/; https://www.ac.tuwien.ac.at/people/,0.60,2026-06-29T08:20:51+00:00,
p_bdf69ab58730,Markus Kirchweger,markus.kirchweger@ac.tuwien.ac.at,TU Wien,TU Wien,Faculty of Informatics,Institute of Logic and Computation,,Algorithms and Complexity Group,Algorithms and Complexity Group,current,"Favoritenstraße 9–11, 1040 Wien",Scientific Staff,https://www.ac.tuwien.ac.at/people/markus.kirchweger/,,,https://www.ac.tuwien.ac.at/people/markus.kirchweger/; https://www.ac.tuwien.ac.at/; https://www.ac.tuwien.ac.at/people/,0.60,2026-06-29T08:20:36+00:00,
p_4cc6a124d188,Markus Wallinger,mwallinger@ac.tuwien.ac.at,TU Wien,TU Wien,Faculty of Informatics,Institute of Logic and Computation,,Algorithms and Complexity Group,Algorithms and Complexity Group,alumni,"Favoritenstraße 9–11, 1040 Wien",Former group member,https://www.ac.tuwien.ac.at/people/mwallinger/,,,https://www.ac.tuwien.ac.at/people/mwallinger/; https://www.ac.tuwien.ac.at/; https://www.ac.tuwien.ac.at/people/,0.60,2026-06-29T08:21:13+00:00,
p_4dc4ecc133d9,Marlene Gründel,mgruendel@ac.tuwien.ac.at,TU Wien,TU Wien,Faculty of Informatics,Institute of Logic and Computation,,Algorithms and Complexity Group,Algorithms and Complexity Group,alumni,"Favoritenstraße 9–11, 1040 Wien",PhD,http://www.ac.tuwien.ac.at/people/mgruendel/,,,https://www.ac.tuwien.ac.at/people/mgruende/; https://www.ac.tuwien.ac.at/; https://www.ac.tuwien.ac.at/people/,0.60,2026-06-29T08:20:32+00:00,
p_f6ca4ba0d6a3,Martin Durand,mdurand@ac.tuwien.ac.at,TU Wien,TU Wien,Faculty of Informatics,Institute of Logic and Computation,,Algorithms and Complexity Group,Algorithms and Complexity Group,alumni,"Favoritenstraße 9–11, 1040 Wien",Former group member,https://www.ac.tuwien.ac.at/people/mdurand/,,,https://www.ac.tuwien.ac.at/people/mdurand/; https://www.ac.tuwien.ac.at/; https://www.ac.tuwien.ac.at/people/,0.60,2026-06-29T08:20:52+00:00,
p_ca4a99f213dc,Martin Kronegger,kronegger@ac.tuwien.ac.at,TU Wien,TU Wien,Faculty of Informatics,Institute of Logic and Computation,,Algorithms and Complexity Group,Algorithms and Complexity Group,current,"Favoritenstraße 9–11, 1040 Wien",Scientific Staff,https://www.ac.tuwien.ac.at/people/kronegger/,,,https://www.ac.tuwien.ac.at/people/kronegger/; https://www.ac.tuwien.ac.at/; https://www.ac.tuwien.ac.at/people/,0.60,2026-06-29T08:20:36+00:00,
p_27b513013d06,Martin Nöllenburg,noellenburg@ac.tuwien.ac.at,TU Wien,TU Wien,Faculty of Informatics,Institute of Logic and Computation,,Algorithms and Complexity Group,Algorithms and Complexity Group,alumni,"Favoritenstraße 9–11, 1040 Wien",PhD,https://www.ac.tuwien.ac.at/people/noellenburg/,graph algorithms; in particular for graph drawing and network visualization computational geometry,,https://www.ac.tuwien.ac.at/people/noellenburg/; https://www.ac.tuwien.ac.at/; https://www.ac.tuwien.ac.at/people/,0.95,2026-06-29T08:20:22+00:00,
p_18841830cbeb,Mathis Rocton,mrocton@ac.tuwien.ac.at,TU Wien,TU Wien,Faculty of Informatics,Institute of Logic and Computation,,Algorithms and Complexity Group,Algorithms and Complexity Group,current,"Favoritenstraße 9–11, 1040 Wien",PhD,https://www.ac.tuwien.ac.at/people/mrocton/,,,https://www.ac.tuwien.ac.at/people/mrocton/; https://www.ac.tuwien.ac.at/; https://www.ac.tuwien.ac.at/people/,0.60,2026-06-29T08:20:40+00:00,
p_1f09b5d32cdd,Matthias Horn,horn@ac.tuwien.ac.at,TU Wien,TU Wien,Faculty of Informatics,Institute of Logic and Computation,,Algorithms and Complexity Group,Algorithms and Complexity Group,alumni,"Favoritenstraße 9–11, 1040 Wien",Former group member,https://www.ac.tuwien.ac.at/people/horn/,,,https://www.ac.tuwien.ac.at/people/horn/; https://www.ac.tuwien.ac.at/; https://www.ac.tuwien.ac.at/people/,0.60,2026-06-29T08:20:56+00:00,
p_83c0e77cd9b3,Morteza Saghafian,msaghafi@ac.tuwien.ac.at,TU Wien,TU Wien,Faculty of Informatics,Institute of Logic and Computation,,Algorithms and Complexity Group,Algorithms and Complexity Group,current,"Favoritenstraße 9–11, 1040 Wien",Scientific Staff,https://www.ac.tuwien.ac.at/people/msaghafi/,,,https://www.ac.tuwien.ac.at/people/msaghafi/; https://www.ac.tuwien.ac.at/; https://www.ac.tuwien.ac.at/people/,0.60,2026-06-29T08:20:40+00:00,
p_42e2f5bb234f,Nikolaus Frohner,nfrohner@ac.tuwien.ac.at,TU Wien,TU Wien,Faculty of Informatics,Institute of Logic and Computation,,Algorithms and Complexity Group,Algorithms and Complexity Group,alumni,"Favoritenstraße 9–11, 1040 Wien",PhD,https://www.ac.tuwien.ac.at/people/nfrohner/,,,https://www.ac.tuwien.ac.at/people/nfrohner/; https://www.ac.tuwien.ac.at/; https://www.ac.tuwien.ac.at/people/,0.60,2026-06-29T08:20:54+00:00,
p_3f0f692d7d18,Orestis G. Andriotis,oandriot@ilsb.tuwien.ac.at,TU Wien,TU Wien,Faculty of Mechanical and Industrial Engineering,Institute of Lightweight Design and Structural Biomechanics,Biomechanics,Team Biomechanics,Institute of Lightweight Design and Structural Biomechanics,current,"Getreidemarkt 9, 1060 Vienna",Senior Scientist,https://www.tuwien.at/mwbw/ilsb/en/team/team-biomechanik/orestis-g-andriotis/,biomechanics; collagen fibril degradation; nano- and microscale mechanics; biological tissues; super-resolution fluorescence; atomic force microscopy; organoids,,https://www.tuwien.at/mwbw/ilsb/en/team/team-biomechanik/orestis-g-andriotis/; https://www.ilsb.tuwien.ac.at/~oandriot/; https://www.tuwien.at/mwbw/ilsb/en/team/team-biomechanik/,0.95,2026-07-09T11:33:38+00:00,Curated from official TU Wien/ILSB pages on 2026-07-09.
p_8a50c5542f0a,Pablo Manrique Merchan,pmanriqu@ac.tuwien.ac.at,TU Wien,TU Wien,Faculty of Informatics,Institute of Logic and Computation,,Algorithms and Complexity Group,Algorithms and Complexity Group,current,"Favoritenstraße 9–11, 1040 Wien",Scientific Staff,https://www.ac.tuwien.ac.at/people/pmanriqu/,,,https://www.ac.tuwien.ac.at/people/pmanriqu/; https://www.ac.tuwien.ac.at/; https://www.ac.tuwien.ac.at/people/,0.60,2026-06-29T08:20:37+00:00,
p_a12df22246c6,Philipp J. Thurner,pthurner@ilsb.tuwien.ac.at,TU Wien,TU Wien,Faculty of Mechanical and Industrial Engineering,Institute of Lightweight Design and Structural Biomechanics,Biomechanics,Team Biomechanics,Institute of Lightweight Design and Structural Biomechanics,current,"Getreidemarkt 9, 1060 Vienna",Professor of Biomechanics; Head of Institute,https://www.tuwien.at/mwbw/ilsb/en/team/team-biomechanik/philipp-j-thurner/,experimental tissue biomechanics; micro- and nanomechanics; collagen; collagen-rich soft tissues; atomic force microscopy; biomaterials; structure-function relationships,,https://www.tuwien.at/mwbw/ilsb/en/team/team-biomechanik/philipp-j-thurner/; https://www.tuwien.at/mwbw/ilsb/en/team/team-biomechanik/,0.80,2026-07-09T11:33:38+00:00,Curated from official TU Wien page on 2026-07-09. Email not stored because no plain address was found in retrieved official text.
p_0fb45048ee50,Phuc Hung Hoang,phoang@ac.tuwien.ac.at,TU Wien,TU Wien,Faculty of Informatics,Institute of Logic and Computation,,Algorithms and Complexity Group,Algorithms and Complexity Group,current,"Favoritenstraße 9–11, 1040 Wien",Postdoc,https://www.ac.tuwien.ac.at/people/phoang/,generation algorithms; and discrete structures and algorithms.,,https://www.ac.tuwien.ac.at/people/phoang/; https://www.ac.tuwien.ac.at/; https://www.ac.tuwien.ac.at/people/,0.95,2026-06-29T08:20:33+00:00,
p_b7d7331a7460,Robert Ganian,rganian@ac.tuwien.ac.at,TU Wien,TU Wien,Faculty of Informatics,Institute of Logic and Computation,,Algorithms and Complexity Group,Algorithms and Complexity Group,current,"Favoritenstraße 9–11, 1040 Wien",Professor,https://www.ac.tuwien.ac.at/people/rganian/,,,https://www.ac.tuwien.ac.at/people/rganian/; https://www.ac.tuwien.ac.at/; https://www.ac.tuwien.ac.at/people/,0.60,2026-06-29T08:20:20+00:00,
p_f5aae7a1da7f,Sanjukta Roy,sroy@ac.tuwien.ac.at,TU Wien,TU Wien,Faculty of Informatics,Institute of Logic and Computation,,Algorithms and Complexity Group,Algorithms and Complexity Group,alumni,"Favoritenstraße 9–11, 1040 Wien",postdoctoral,https://www.ac.tuwien.ac.at/people/sroy/,,,https://www.ac.tuwien.ac.at/people/sroy/; https://www.ac.tuwien.ac.at/; https://www.ac.tuwien.ac.at/people/,0.60,2026-06-29T08:21:05+00:00,
p_c4e79a8aedca,Sara Di Bartolomeo,sdb@ac.tuwien.ac.at,TU Wien,TU Wien,Faculty of Informatics,Institute of Logic and Computation,,Algorithms and Complexity Group,Algorithms and Complexity Group,current,"Favoritenstraße 9–11, 1040 Wien",Scientific Staff,https://www.ac.tuwien.ac.at/people/sdb/,,,https://www.ac.tuwien.ac.at/people/sdb/; https://www.ac.tuwien.ac.at/; https://www.ac.tuwien.ac.at/people/,0.60,2026-06-29T08:20:28+00:00,
p_dc4fb3952406,Sebastian Fürthauer,sebastian.fuerthauer@tuwien.ac.at,TU Wien,TU Wien,Faculty of Physics,Institute of Applied Physics,Biophysics Research Unit,Theory of Living Matter Group,Institute of Applied Physics / Biophysics Research Unit / Theory of Living Matter Group,current,"Getreidemarkt 9 / Lehargasse 6, 1060 Wien",Assistant Professor; Head of Theory of Living Matter Group,https://www.tuwien.at/en/phy/iap/biophysics/team/sebastian-fuerthauer,active matter; physics of cells and tissues; cytoskeletal networks; cell division; cell motility; theoretical biophysics; numerical physics,,https://www.tuwien.at/en/phy/iap/biophysics/team/sebastian-fuerthauer; https://www.tuwien.at/en/phy/iap/biophysics/theory-of-living-matter-group; https://www.tuwien.at/en/phy/iap/biophysics/how-to-find-us; https://www.tuwien.at/en/phy/iap/biophysics,0.95,2026-07-09T11:33:38+00:00,Curated from official TU Wien pages on 2026-07-09.
p_e3bdbee9f327,Simon Dominik Fink,sfink@ac.tuwien.ac.at,TU Wien,TU Wien,Faculty of Informatics,Institute of Logic and Computation,,Algorithms and Complexity Group,Algorithms and Complexity Group,alumni,"Favoritenstraße 9–11, 1040 Wien",Former group member,https://www.ac.tuwien.ac.at/people/sfink/,,,https://www.ac.tuwien.ac.at/people/sfink/; https://www.ac.tuwien.ac.at/; https://www.ac.tuwien.ac.at/people/,0.60,2026-06-29T08:20:30+00:00,
p_f69c45a1adca,Simon Wietheger,swietheger@ac.tuwien.ac.at,TU Wien,TU Wien,Faculty of Informatics,Institute of Logic and Computation,,Algorithms and Complexity Group,Algorithms and Complexity Group,current,"Favoritenstraße 9–11, 1040 Wien",Scientific Staff,https://www.ac.tuwien.ac.at/people/swietheger/,,,https://www.ac.tuwien.ac.at/people/swietheger/; https://www.ac.tuwien.ac.at/; https://www.ac.tuwien.ac.at/people/,0.60,2026-06-29T08:20:44+00:00,
p_a3572a58b762,Soeren Terziadis (né Nickel),sterziadis@ac.tuwien.ac.at,TU Wien,TU Wien,Faculty of Informatics,Institute of Logic and Computation,,Algorithms and Complexity Group,Algorithms and Complexity Group,alumni,"Favoritenstraße 9–11, 1040 Wien",Former group member,https://www.ac.tuwien.ac.at/people/sterziadis/,,,https://www.ac.tuwien.ac.at/people/sterziadis/; https://www.ac.tuwien.ac.at/; https://www.ac.tuwien.ac.at/people/,0.60,2026-06-29T08:21:10+00:00,
p_f91fbfeafc03,Sofia Simola,ssimola@ac.tuwien.ac.at,TU Wien,TU Wien,Faculty of Informatics,Institute of Logic and Computation,,Algorithms and Complexity Group,Algorithms and Complexity Group,alumni,"Favoritenstraße 9–11, 1040 Wien",Former group member,https://www.ac.tuwien.ac.at/people/ssimola/,,,https://www.ac.tuwien.ac.at/people/ssimola/; https://www.ac.tuwien.ac.at/; https://www.ac.tuwien.ac.at/people/,0.60,2026-06-29T08:21:06+00:00,
p_fe4fedd24693,Stefan Szeider,sz@ac.tuwien.ac.at,TU Wien,TU Wien,Faculty of Informatics,Institute of Logic and Computation,,Algorithms and Complexity Group,Algorithms and Complexity Group,current,"Favoritenstraße 9–11, 1040 Wien",Professor; Head of Algorithms and Complexity Group,https://www.ac.tuwien.ac.at/,Stefan Szeider. Algorithms; AI; KI; Artificial Intelligence; Künstliche Intelligenz; Machine Learning; Algorithms; Parameterized Complexity; FPT,,https://www.ac.tuwien.ac.at/people/szeider/; https://www.ac.tuwien.ac.at/; https://www.ac.tuwien.ac.at/people/,0.95,2026-06-29T08:20:24+00:00,
p_98cd99958f30,Thekla Hamm,thamm@ac.tuwien.ac.at,TU Wien,TU Wien,Faculty of Informatics,Institute of Logic and Computation,,Algorithms and Complexity Group,Algorithms and Complexity Group,alumni,"Favoritenstraße 9–11, 1040 Wien",Former group member,https://www.ac.tuwien.ac.at/people/thamm/,,,https://www.ac.tuwien.ac.at/people/thamm/; https://www.ac.tuwien.ac.at/; https://www.ac.tuwien.ac.at/people/,0.60,2026-06-29T08:20:55+00:00,
p_57e81a33799a,Thomas Depian,tdepian@ac.tuwien.ac.at,TU Wien,TU Wien,Faculty of Informatics,Institute of Logic and Computation,,Algorithms and Complexity Group,Algorithms and Complexity Group,current,"Favoritenstraße 9–11, 1040 Wien",Scientific Staff,https://www.ac.tuwien.ac.at/people/tdepian/,,,https://www.ac.tuwien.ac.at/people/tdepian/; https://www.ac.tuwien.ac.at/; https://www.ac.tuwien.ac.at/people/,0.60,2026-06-29T08:20:28+00:00,
p_d979c0609bb0,Thomas Jatschka,tjatschk@ac.tuwien.ac.at,TU Wien,TU Wien,Faculty of Informatics,Institute of Logic and Computation,,Algorithms and Complexity Group,Algorithms and Complexity Group,alumni,"Favoritenstraße 9–11, 1040 Wien",PhD,https://www.ac.tuwien.ac.at/people/tjatschk/,,,https://www.ac.tuwien.ac.at/people/tjatschk/; https://www.ac.tuwien.ac.at/; https://www.ac.tuwien.ac.at/people/,0.60,2026-06-29T08:20:58+00:00,
p_37743812e7b8,Tianwei Zhang,zhangtw@ac.tuwien.ac.at,TU Wien,TU Wien,Faculty of Informatics,Institute of Logic and Computation,,Algorithms and Complexity Group,Algorithms and Complexity Group,current,"Favoritenstraße 9–11, 1040 Wien",PhD,https://www.ac.tuwien.ac.at/people/zhangtw/,,,https://www.ac.tuwien.ac.at/people/zhangtw/; https://www.ac.tuwien.ac.at/; https://www.ac.tuwien.ac.at/people/,0.60,2026-06-29T08:20:46+00:00,
p_a41459cdd768,Tomáš Peitl,peitl@ac.tuwien.ac.at,TU Wien,TU Wien,Faculty of Informatics,Institute of Logic and Computation,,Algorithms and Complexity Group,Algorithms and Complexity Group,alumni,"Favoritenstraße 9–11, 1040 Wien",postdoc,https://www.ac.tuwien.ac.at/people/peitl/,QBF; DQBF; SAT; Proof Complexity; Complexity Theory; Graph Theory theory; solver development; applications (solving math problems; chess; and more); Current and previous positions; Algorithmics; Algorithmic Encoding Techniques; Germany; and I succesfully defended my thesis on October 14th 2019.,,https://www.ac.tuwien.ac.at/people/peitl/; https://www.ac.tuwien.ac.at/; https://www.ac.tuwien.ac.at/people/,0.95,2026-06-29T08:20:39+00:00,
p_498e29fa4608,Vaidyanathan P. R.,vaidyanathan@ac.tuwien.ac.at,TU Wien,TU Wien,Faculty of Informatics,Institute of Logic and Computation,,Algorithms and Complexity Group,Algorithms and Complexity Group,alumni,"Favoritenstraße 9–11, 1040 Wien",Former group member,https://www.ac.tuwien.ac.at/people/vaidyanathan/,,,https://www.ac.tuwien.ac.at/people/vaidyanathan/; https://www.ac.tuwien.ac.at/; https://www.ac.tuwien.ac.at/people/,0.60,2026-06-29T08:21:11+00:00,
p_5ba48ee11139,Viktoria Korchemna,vkorchemna@ac.tuwien.ac.at,TU Wien,TU Wien,Faculty of Informatics,Institute of Logic and Computation,,Algorithms and Complexity Group,Algorithms and Complexity Group,alumni,"Favoritenstraße 9–11, 1040 Wien",Former group member,https://www.ac.tuwien.ac.at/people/vkorchemna/,,,https://www.ac.tuwien.ac.at/people/vkorchemna/; https://www.ac.tuwien.ac.at/; https://www.ac.tuwien.ac.at/people/,0.60,2026-06-29T08:20:59+00:00,
p_dcb61d9ae7f5,Christoph Dellago,christoph.dellago@univie.ac.at,University of Vienna,University of Vienna,Faculty of Physics,,Computational and Soft Matter Physics,Dellago Group,Faculty of Physics / Computational and Soft Matter Physics,current,"Kolingasse 14–16, 1090 Wien",University Professor; Group Speaker,https://comp-phys.univie.ac.at/dellago/,simulation algorithms; dynamical processes; condensed matter; rare event simulation; stochastic thermodynamics; self-assembly in soft matter; machine learning approaches,,https://comp-phys.univie.ac.at/dellago/; https://comp-phys.univie.ac.at/dellago/research-dellago/; https://ufind.univie.ac.at/en/person.html?id=7257; https://comp-phys.univie.ac.at/people; https://comp-phys.univie.ac.at/research/,0.80,2026-07-09T11:33:38+00:00,Curated from official University of Vienna pages on 2026-07-09. Email not stored because no plain address was found in retrieved official text.
p_0caa9f1e9444,Christos N. Likos,christos.likos@univie.ac.at,University of Vienna,University of Vienna,Faculty of Physics,,Computational and Soft Matter Physics,Likos Group,Faculty of Physics / Computational and Soft Matter Physics / Likos Group,current,"Kolingasse 14–16, 1090 Wien",University Professor; Head of Likos Group,https://comp-phys.univie.ac.at/likos/likos-group/,soft matter theory; soft matter simulation; statistical mechanics; colloids; polymers; biological matter; hydrodynamics of colloids and swimmers,,https://comp-phys.univie.ac.at/likos/likos-group/; https://comp-phys.univie.ac.at/; https://comp-phys.univie.ac.at/people; https://comp-phys.univie.ac.at/research/,0.80,2026-07-09T11:33:38+00:00,Curated from official University of Vienna pages on 2026-07-09. Contact is obfuscated on source page; verify manually before emailing.
p_881b0250c99b,Roberto Cerbino,roberto.cerbino@univie.ac.at,University of Vienna,University of Vienna,Faculty of Physics,,Computational and Soft Matter Physics,Cerbino Group,Faculty of Physics / Computational and Soft Matter Physics / Experimental Soft Matter Physics (SoMeX),current,"Boltzmanngasse 5, 1090 Wien",University Professor; Head of Cerbino Group,https://comp-phys.univie.ac.at/cerbino/cerbino-group/,experimental soft matter physics; biophysics; complex fluids; out-of-equilibrium phenomena; biological systems; quantitative microscopy; collective behavior of living tissues,,https://comp-phys.univie.ac.at/cerbino/cerbino-group/; https://comp-phys.univie.ac.at/research/research-cerbino/; https://comp-phys.univie.ac.at/people; https://comp-phys.univie.ac.at/research/,0.80,2026-07-09T11:33:38+00:00,Curated from official University of Vienna pages on 2026-07-09. Contact is obfuscated on source page; verify manually before emailing.
p_fd37508619d9,Sofia Kantorovich,sofia.kantorovich@univie.ac.at,University of Vienna,University of Vienna,Faculty of Physics,,Computational and Soft Matter Physics,Kantorovich Group,Faculty of Physics / Computational and Soft Matter Physics,current,"Kolingasse 14–16, 1090 Wien",University Professor; Deputy Group Speaker,https://ufind.univie.ac.at/en/person.html?id=51568,magnetic soft matter; ferrofluids; ferrogels; magnetic particle materials; coarse-grained simulation; soft matter,,https://ufind.univie.ac.at/en/person.html?id=51568; https://ucrisportal.univie.ac.at/en/persons/sofia-kantorovich/; https://comp-phys.univie.ac.at/; https://comp-phys.univie.ac.at/people; https://comp-phys.univie.ac.at/research/,0.95,2026-07-09T11:33:38+00:00,Curated from official University of Vienna pages on 2026-07-09.
