person_id,name,email,institution,department,location,score,reason,source_evidence
p_0caa9f1e9444,Christos N. Likos,,University of Vienna,Faculty of Physics / Computational and Soft Matter Physics / Likos Group,"Kolingasse 14-16, 1090 Wien",4,soft matter theory; soft matter simulation; biological matter; department: Faculty of Physics / Computational and Soft Matter Physics / Likos Group,https://comp-phys.univie.ac.at/likos/likos-group/; https://comp-phys.univie.ac.at/
p_dc4fb3952406,Sebastian Fürthauer,sebastian.fuerthauer@tuwien.ac.at,TU Wien,Institute of Applied Physics / Biophysics Research Unit / Theory of Living Matter Group,"Getreidemarkt 9 / Lehargasse 6, 1060 Wien",3,active matter; theoretical biophysics; department: Institute of Applied Physics / Biophysics Research Unit / Theory of Living Matter Group,https://www.tuwien.at/en/phy/iap/biophysics/team/sebastian-fuerthauer; https://www.tuwien.at/en/phy/iap/biophysics/theory-of-living-matter-group; https://www.tuwien.at/en/phy/iap/biophysics/how-to-find-us
p_dcb61d9ae7f5,Christoph Dellago,,University of Vienna,Faculty of Physics / Computational and Soft Matter Physics,"Kolingasse 14-16, 1090 Wien",3,condensed matter; self-assembly in soft matter; department: Faculty of Physics / Computational and Soft Matter Physics,https://comp-phys.univie.ac.at/dellago/; https://comp-phys.univie.ac.at/dellago/research-dellago/; https://ufind.univie.ac.at/en/person.html?id=7257
p_881b0250c99b,Roberto Cerbino,,University of Vienna,Faculty of Physics / Computational and Soft Matter Physics / Experimental Soft Matter Physics (SoMeX),"Boltzmanngasse 5, 1090 Wien",3,experimental soft matter physics; biophysics; department: Faculty of Physics / Computational and Soft Matter Physics / Experimental Soft Matter Physics (SoMeX),https://comp-phys.univie.ac.at/cerbino/cerbino-group/; https://comp-phys.univie.ac.at/research/research-cerbino/
p_fd37508619d9,Sofia Kantorovich,sofia.kantorovich@univie.ac.at,University of Vienna,Faculty of Physics / Computational and Soft Matter Physics,"Kolingasse 14-16, 1090 Wien",3,magnetic soft matter; soft matter; department: Faculty of Physics / Computational and Soft Matter Physics,https://ufind.univie.ac.at/en/person.html?id=51568; https://ucrisportal.univie.ac.at/en/persons/sofia-kantorovich/; https://comp-phys.univie.ac.at/
p_3cbeb63407f3,Thomas Juffmann,,Max Perutz Labs / University of Vienna,Quantum Imaging and Biophysics Group,"Vienna BioCenter, Dr.-Bohr-Gasse 9, 1030 Vienna",2,biophysics; department: Quantum Imaging and Biophysics Group,https://www.maxperutzlabs.ac.at/research/research-groups/juffmann; https://www.maxperutzlabs.ac.at/research/research-groups
p_a028904c9e1a,Gerhard Schütz,,TU Wien,Institute of Applied Physics / Biophysics Research Unit / Single Molecule Microscopy Group,"Getreidemarkt 9 / Lehargasse 6, 1060 Wien",2,membrane biophysics; department: Institute of Applied Physics / Biophysics Research Unit / Single Molecule Microscopy Group,https://www.tuwien.at/en/phy/iap/biophysics/single-molecule-microscopy-group; https://www.tuwien.at/en/phy/iap/biophysics; https://www.tuwien.at/en/phy/iap/biophysics/how-to-find-us
p_d3ba47c6902d,Mario Brameshuber,,TU Wien,Institute of Applied Physics / Biophysics Research Unit / Single Molecule Microscopy Group,"Getreidemarkt 9 / Lehargasse 6, 1060 Wien",2,molecular biophysics; department: Institute of Applied Physics / Biophysics Research Unit / Single Molecule Microscopy Group,https://www.tuwien.at/en/phy/iap/biophysics/team/mario-brameshuber; https://www.tuwien.at/en/phy/iap/biophysics
p_b8ec718bc717,Eva Sevcsik,eva.sevcsik@tuwien.ac.at,TU Wien,Institute of Applied Physics / Biophysics Research Unit / Micro- and Nanostructured Biointerfaces Group,"Getreidemarkt 9 / Lehargasse 6, 1060 Wien",1,department: Institute of Applied Physics / Biophysics Research Unit / Micro- and Nanostructured Biointerfaces Group,https://www.tuwien.at/en/phy/iap/biophysics/team/eva-sevcsik; https://www.tuwien.at/en/phy/iap/biophysics/how-to-find-us
p_a12df22246c6,Philipp J. Thurner,,TU Wien,Institute of Lightweight Design and Structural Biomechanics,"Getreidemarkt 9, 1060 Vienna",1,collagen-rich soft tissues,https://www.tuwien.at/mwbw/ilsb/en/team/team-biomechanik/philipp-j-thurner/
