name,email,institution,department,location,role,profile_url,research_keywords,source_urls,notes
Sebastian Fürthauer,sebastian.fuerthauer@tuwien.ac.at,TU Wien,Institute of Applied Physics / Biophysics Research Unit / Theory of Living Matter Group,"Getreidemarkt 9 / Lehargasse 6, 1060 Wien",Assistant Professor; Head of Theory of Living Matter Group,https://www.tuwien.at/en/phy/iap/biophysics/team/sebastian-fuerthauer,active matter; physics of cells and tissues; cytoskeletal networks; cell division; cell motility; theoretical biophysics; numerical physics,https://www.tuwien.at/en/phy/iap/biophysics/team/sebastian-fuerthauer; https://www.tuwien.at/en/phy/iap/biophysics/theory-of-living-matter-group; https://www.tuwien.at/en/phy/iap/biophysics/how-to-find-us,Curated from official TU Wien pages on 2026-07-09.
Gerhard Schütz,,TU Wien,Institute of Applied Physics / Biophysics Research Unit / Single Molecule Microscopy Group,"Getreidemarkt 9 / Lehargasse 6, 1060 Wien",Full Professor; Head of Single Molecule Microscopy Group; Head of Biophysics Research Unit,https://www.tuwien.at/en/phy/iap/biophysics/single-molecule-microscopy-group,single molecule microscopy; membrane biophysics; super-resolution microscopy; FRET; atomic force microscopy; immunology; neuroscience,https://www.tuwien.at/en/phy/iap/biophysics/single-molecule-microscopy-group; https://www.tuwien.at/en/phy/iap/biophysics; https://www.tuwien.at/en/phy/iap/biophysics/how-to-find-us,Curated from official TU Wien pages on 2026-07-09. Email not stored because profile page did not expose a plain address in the retrieved text.
Eva Sevcsik,eva.sevcsik@tuwien.ac.at,TU Wien,Institute of Applied Physics / Biophysics Research Unit / Micro- and Nanostructured Biointerfaces Group,"Getreidemarkt 9 / Lehargasse 6, 1060 Wien",Associate Professor; Head of Micro- and Nanostructured Biointerfaces Group,https://www.tuwien.at/en/phy/iap/biophysics/team/eva-sevcsik,micro- and nanostructured biointerfaces; T-cell signaling; plasma membrane organization; DNA origami; super-resolution fluorescence microscopy; cell studies,https://www.tuwien.at/en/phy/iap/biophysics/team/eva-sevcsik; https://www.tuwien.at/en/phy/iap/biophysics/how-to-find-us,Curated from official TU Wien pages on 2026-07-09.
Mario Brameshuber,,TU Wien,Institute of Applied Physics / Biophysics Research Unit / Single Molecule Microscopy Group,"Getreidemarkt 9 / Lehargasse 6, 1060 Wien",Senior Scientist,https://www.tuwien.at/en/phy/iap/biophysics/team/mario-brameshuber,single molecule fluorescence; T-cell signaling; molecular biophysics; biomembranes; live-cell plasma membrane; single dye tracing,https://www.tuwien.at/en/phy/iap/biophysics/team/mario-brameshuber; https://www.tuwien.at/en/phy/iap/biophysics,Curated from official TU Wien pages on 2026-07-09. Email not stored because profile page did not expose a plain address in the retrieved text.
Roberto Cerbino,,University of Vienna,Faculty of Physics / Computational and Soft Matter Physics / Experimental Soft Matter Physics (SoMeX),"Boltzmanngasse 5, 1090 Wien",University Professor; Head of Cerbino Group,https://comp-phys.univie.ac.at/cerbino/cerbino-group/,experimental soft matter physics; biophysics; complex fluids; out-of-equilibrium phenomena; biological systems; quantitative microscopy; collective behavior of living tissues,https://comp-phys.univie.ac.at/cerbino/cerbino-group/; https://comp-phys.univie.ac.at/research/research-cerbino/,Curated from official University of Vienna pages on 2026-07-09. Contact is obfuscated on source page; verify manually before emailing.
Christos N. Likos,,University of Vienna,Faculty of Physics / Computational and Soft Matter Physics / Likos Group,"Kolingasse 14-16, 1090 Wien",University Professor; Head of Likos Group,https://comp-phys.univie.ac.at/likos/likos-group/,soft matter theory; soft matter simulation; statistical mechanics; colloids; polymers; biological matter; hydrodynamics of colloids and swimmers,https://comp-phys.univie.ac.at/likos/likos-group/; https://comp-phys.univie.ac.at/,Curated from official University of Vienna pages on 2026-07-09. Contact is obfuscated on source page; verify manually before emailing.
Sofia Kantorovich,sofia.kantorovich@univie.ac.at,University of Vienna,Faculty of Physics / Computational and Soft Matter Physics,"Kolingasse 14-16, 1090 Wien",University Professor; Deputy Head of Computational and Soft Matter Physics,https://ufind.univie.ac.at/en/person.html?id=51568,magnetic soft matter; ferrofluids; ferrogels; magnetic particle materials; coarse-grained simulation; soft matter,https://ufind.univie.ac.at/en/person.html?id=51568; https://ucrisportal.univie.ac.at/en/persons/sofia-kantorovich/; https://comp-phys.univie.ac.at/,Curated from official University of Vienna pages on 2026-07-09.
Christoph Dellago,,University of Vienna,Faculty of Physics / Computational and Soft Matter Physics,"Kolingasse 14-16, 1090 Wien",Professor; Head of Computational and Soft Matter Physics,https://comp-phys.univie.ac.at/dellago/,simulation algorithms; dynamical processes; condensed matter; rare event simulation; stochastic thermodynamics; self-assembly in soft matter; machine learning approaches,https://comp-phys.univie.ac.at/dellago/; https://comp-phys.univie.ac.at/dellago/research-dellago/; https://ufind.univie.ac.at/en/person.html?id=7257,Curated from official University of Vienna pages on 2026-07-09. Email not stored because no plain address was found in retrieved official text.
Thomas Juffmann,,Max Perutz Labs / University of Vienna,Quantum Imaging and Biophysics Group,"Vienna BioCenter, Dr.-Bohr-Gasse 9, 1030 Vienna","Professor; Group leader, Quantum Imaging and Biophysics",https://www.maxperutzlabs.ac.at/research/research-groups/juffmann,quantum imaging; biophysics; light microscopy; electron microscopy; adaptive optics; low-damage microscopy; quantum optics,https://www.maxperutzlabs.ac.at/research/research-groups/juffmann; https://www.maxperutzlabs.ac.at/research/research-groups,Curated from official Max Perutz Labs pages on 2026-07-09. Email not stored because no plain address was found in retrieved official text.
Jonas Ries,jonas.ries@maxperutzlabs.ac.at,Max Perutz Labs / University of Vienna,Advanced Microscopy and Cellular Dynamics / Super-resolution Microscopy for Structural Cell Biology,"Vienna BioCenter, Dr.-Bohr-Gasse 9, 1030 Vienna",Full Professor; Group leader,https://www.maxperutzlabs.ac.at/research/research-groups/ries,super-resolution microscopy; structural cell biology; advanced microscopy; cellular dynamics; MINFLUX; single-molecule localization; clathrin-mediated endocytosis,https://www.maxperutzlabs.ac.at/research/research-groups/ries; https://rieslab.de/; https://www.maxperutzlabs.ac.at/research/research-groups,Curated from official Max Perutz Labs pages on 2026-07-09.
Jörg Menche,,Max Perutz Labs / University of Vienna,Quantitative Modelling of Biological Networks,"Vienna BioCenter, Dr.-Bohr-Gasse 9, 1030 Vienna",Professor; Group leader,https://www.maxperutzlabs.ac.at/research/research-groups/menche,network theory; quantitative modelling; biological networks; systems biology; molecular networks; medicine,https://www.maxperutzlabs.ac.at/research/research-groups/menche; https://www.maxperutzlabs.ac.at/research/research-groups,Curated from official Max Perutz Labs pages on 2026-07-09. Email not stored because no plain address was found in retrieved official text.
Philipp J. Thurner,,TU Wien,Institute of Lightweight Design and Structural Biomechanics,"Getreidemarkt 9, 1060 Vienna",Professor; Head of Institute,https://www.tuwien.at/mwbw/ilsb/en/team/team-biomechanik/philipp-j-thurner/,experimental tissue biomechanics; micro- and nanomechanics; collagen; collagen-rich soft tissues; atomic force microscopy; biomaterials; structure-function relationships,https://www.tuwien.at/mwbw/ilsb/en/team/team-biomechanik/philipp-j-thurner/,Curated from official TU Wien page on 2026-07-09. Email not stored because no plain address was found in retrieved official text.
Orestis G. Andriotis,oandriot@ilsb.tuwien.ac.at,TU Wien,Institute of Lightweight Design and Structural Biomechanics,"Getreidemarkt 9, 1060 Vienna",Researcher / Senior Researcher,https://www.tuwien.at/mwbw/ilsb/en/team/team-biomechanik/orestis-g-andriotis/,biomechanics; collagen fibril degradation; nano- and microscale mechanics; biological tissues; super-resolution fluorescence; atomic force microscopy; organoids,https://www.tuwien.at/mwbw/ilsb/en/team/team-biomechanik/orestis-g-andriotis/; https://www.ilsb.tuwien.ac.at/~oandriot/,Curated from official TU Wien/ILSB pages on 2026-07-09.
